{
  "model_type": "randomforest",
  "feature_names": [
    "close",
    "open",
    "high",
    "low",
    "volume",
    "high_low_ratio",
    "close_open_ratio",
    "sma_5",
    "sma_10",
    "sma_20",
    "close_sma5_ratio",
    "close_sma10_ratio",
    "rsi_14",
    "rsi_7",
    "macd",
    "macd_signal",
    "macd_histogram",
    "bb_upper",
    "bb_middle",
    "bb_lower",
    "bb_position",
    "volume_sma_10",
    "volume_ratio",
    "atr_14",
    "volatility_10",
    "momentum_5",
    "momentum_10",
    "roc_5",
    "roc_10",
    "stoch_k",
    "stoch_d",
    "williams_r",
    "cci",
    "price_trend_pct",
    "volume_trend",
    "recent_volatility",
    "gap_pct",
    "sma_20_isnan",
    "rsi_14_isnan",
    "rsi_7_isnan",
    "macd_isnan",
    "macd_signal_isnan",
    "macd_histogram_isnan",
    "bb_upper_isnan",
    "bb_middle_isnan",
    "bb_lower_isnan",
    "stoch_k_isnan",
    "stoch_d_isnan",
    "williams_r_isnan",
    "cci_isnan",
    "atr_14_isnan",
    "volume_ratio_isnan",
    "close_sma20_ratio"
  ],
  "training_metrics": {
    "cv_accuracy_mean": 0.8790490341753344,
    "cv_accuracy_std": 0.016184545383881258,
    "cv_auc_mean": 0.9645024355124248,
    "cv_auc_std": 0.00864528963602179,
    "final_accuracy": 0.9371131468185194,
    "final_auc": 0.9850316083275185,
    "n_features": 53,
    "n_samples": 4039,
    "class_distribution": {
      "0": 2233,
      "1": 1806
    },
    "feature_importance": {
      "close": 0.002989862314905412,
      "open": 0.002847631081887384,
      "high": 0.0036281285256850333,
      "low": 0.0029563745037459494,
      "volume": 0.0024615443078696815,
      "high_low_ratio": 0.003783355306085633,
      "close_open_ratio": 0.0025746708245191034,
      "sma_5": 0.00472707174508557,
      "sma_10": 0.009091641567863393,
      "sma_20": 0.020040941541811713,
      "close_sma5_ratio": 0.003626339162838619,
      "close_sma10_ratio": 0.0025640929796091616,
      "rsi_14": 0.007728378936048249,
      "rsi_7": 0.006525669560606648,
      "macd": 0.02990674021811552,
      "macd_signal": 0.04059009534606728,
      "macd_histogram": 0.010604697497803323,
      "bb_upper": 0.030598387072915845,
      "bb_middle": 0.021559361717420202,
      "bb_lower": 0.047571433749999274,
      "bb_position": 0.0034786478298382403,
      "volume_sma_10": 0.012679838167480953,
      "volume_ratio": 0.0022202603209149066,
      "atr_14": 0.07026845500804438,
      "volatility_10": 0.017138633551892084,
      "momentum_5": 0.002156067888428357,
      "momentum_10": 0.0027788052371472325,
      "roc_5": 0.002033844389295688,
      "roc_10": 0.0020412994541483677,
      "stoch_k": 0.005733924233462503,
      "stoch_d": 0.007956236252500517,
      "williams_r": 0.0035192320918256688,
      "cci": 0.0023367827906675,
      "price_trend_pct": 0.0019377096181370924,
      "volume_trend": 0.0014537774268803443,
      "recent_volatility": 0.007347020495585691,
      "gap_pct": 0.003595158538281771,
      "sma_20_isnan": 0.019470087303715834,
      "rsi_14_isnan": 0.12588390646624728,
      "rsi_7_isnan": 0.13038534410868874,
      "macd_isnan": 0.026338379157848,
      "macd_signal_isnan": 0.0341981884907878,
      "macd_histogram_isnan": 0.04409456595538212,
      "bb_upper_isnan": 0.03561242643818783,
      "bb_middle_isnan": 0.02217787996686037,
      "bb_lower_isnan": 0.024992405594293648,
      "stoch_k_isnan": 0.03361378923156736,
      "stoch_d_isnan": 0.022916414307594966,
      "williams_r_isnan": 0.018623120695685478,
      "cci_isnan": 0.029619397000386405,
      "atr_14_isnan": 0.024572500720189808,
      "volume_ratio_isnan": 0.0,
      "close_sma20_ratio": 0.0024494833071501167
    }
  },
  "calibrated": true,
  "overfitting_risk": "LOW"
}