{
  "model_type": "randomforest",
  "feature_names": [
    "close",
    "open",
    "high",
    "low",
    "volume",
    "high_low_ratio",
    "close_open_ratio",
    "sma_5",
    "sma_10",
    "sma_20",
    "close_sma5_ratio",
    "close_sma10_ratio",
    "rsi_14",
    "rsi_7",
    "macd",
    "macd_signal",
    "macd_histogram",
    "bb_upper",
    "bb_middle",
    "bb_lower",
    "bb_position",
    "volume_sma_10",
    "volume_ratio",
    "atr_14",
    "volatility_10",
    "momentum_5",
    "momentum_10",
    "roc_5",
    "roc_10",
    "stoch_k",
    "stoch_d",
    "williams_r",
    "cci",
    "price_trend_pct",
    "volume_trend",
    "recent_volatility",
    "gap_pct",
    "sma_20_isnan",
    "rsi_14_isnan",
    "rsi_7_isnan",
    "macd_isnan",
    "macd_signal_isnan",
    "macd_histogram_isnan",
    "bb_upper_isnan",
    "bb_middle_isnan",
    "bb_lower_isnan",
    "stoch_k_isnan",
    "stoch_d_isnan",
    "williams_r_isnan",
    "cci_isnan",
    "atr_14_isnan",
    "volume_ratio_isnan",
    "close_sma20_ratio"
  ],
  "training_metrics": {
    "cv_accuracy_mean": 0.8967305524239009,
    "cv_accuracy_std": 0.013781922696672956,
    "cv_auc_mean": 0.978550330891858,
    "cv_auc_std": 0.003494994564732482,
    "final_accuracy": 0.9558436677940624,
    "final_auc": 0.9901417061424637,
    "n_features": 53,
    "n_samples": 5322,
    "class_distribution": {
      "0": 4435,
      "1": 887
    },
    "feature_importance": {
      "close": 0.0017168880080187514,
      "open": 0.0014937270614179445,
      "high": 0.0018775283205138243,
      "low": 0.001737648853234064,
      "volume": 0.0014937092548379823,
      "high_low_ratio": 0.0021063454010846515,
      "close_open_ratio": 0.0016649662208882018,
      "sma_5": 0.00246497402317378,
      "sma_10": 0.004816543461097204,
      "sma_20": 0.008889932111335949,
      "close_sma5_ratio": 0.0017464229780865806,
      "close_sma10_ratio": 0.0016486242349991014,
      "rsi_14": 0.0029140082846033206,
      "rsi_7": 0.0018719544694397673,
      "macd": 0.016803656280873505,
      "macd_signal": 0.023511346137544742,
      "macd_histogram": 0.004930173237300255,
      "bb_upper": 0.015574289065445678,
      "bb_middle": 0.008560726692631691,
      "bb_lower": 0.02624339985134207,
      "bb_position": 0.0016196337348449005,
      "volume_sma_10": 0.005036405325144224,
      "volume_ratio": 0.0013133614919510392,
      "atr_14": 0.02918635939081866,
      "volatility_10": 0.0072408935233287215,
      "momentum_5": 0.001354798297134501,
      "momentum_10": 0.0025237431849621725,
      "roc_5": 0.001317335720816883,
      "roc_10": 0.0021921898241850533,
      "stoch_k": 0.002073655113309292,
      "stoch_d": 0.0024507328744298182,
      "williams_r": 0.0029874333109851585,
      "cci": 0.0011665000954531608,
      "price_trend_pct": 0.0009186393210931172,
      "volume_trend": 0.0008753384878289152,
      "recent_volatility": 0.003264920499376384,
      "gap_pct": 0.0022775310658463568,
      "sma_20_isnan": 0.0346775792023681,
      "rsi_14_isnan": 0.19104663058568955,
      "rsi_7_isnan": 0.17560527249001662,
      "macd_isnan": 0.027827891721902056,
      "macd_signal_isnan": 0.01782647687405113,
      "macd_histogram_isnan": 0.04011169223321049,
      "bb_upper_isnan": 0.01941068590947853,
      "bb_middle_isnan": 0.041703776857054696,
      "bb_lower_isnan": 0.027883302222734666,
      "stoch_k_isnan": 0.057867704626382375,
      "stoch_d_isnan": 0.03983404166869453,
      "williams_r_isnan": 0.04114069321450263,
      "cci_isnan": 0.038949245353641804,
      "atr_14_isnan": 0.0450650381806869,
      "volume_ratio_isnan": 0.0,
      "close_sma20_ratio": 0.0011836336502086418
    }
  },
  "calibrated": true,
  "overfitting_risk": "LOW"
}