{
  "model_type": "randomforest",
  "feature_names": [
    "close",
    "open",
    "high",
    "low",
    "volume",
    "high_low_ratio",
    "close_open_ratio",
    "sma_5",
    "sma_10",
    "sma_20",
    "close_sma5_ratio",
    "close_sma10_ratio",
    "rsi_14",
    "rsi_7",
    "macd",
    "macd_signal",
    "macd_histogram",
    "bb_upper",
    "bb_middle",
    "bb_lower",
    "bb_position",
    "volume_sma_10",
    "volume_ratio",
    "atr_14",
    "volatility_10",
    "momentum_5",
    "momentum_10",
    "roc_5",
    "roc_10",
    "stoch_k",
    "stoch_d",
    "williams_r",
    "cci",
    "price_trend_pct",
    "volume_trend",
    "recent_volatility",
    "gap_pct",
    "sma_20_isnan",
    "rsi_14_isnan",
    "rsi_7_isnan",
    "macd_isnan",
    "macd_signal_isnan",
    "macd_histogram_isnan",
    "bb_upper_isnan",
    "bb_middle_isnan",
    "bb_lower_isnan",
    "stoch_k_isnan",
    "stoch_d_isnan",
    "williams_r_isnan",
    "cci_isnan",
    "atr_14_isnan",
    "volume_ratio_isnan",
    "close_sma20_ratio"
  ],
  "training_metrics": {
    "cv_accuracy_mean": 0.9028184892897407,
    "cv_accuracy_std": 0.008627340008887948,
    "cv_auc_mean": 0.9809120806654382,
    "cv_auc_std": 0.006020536539971353,
    "final_accuracy": 0.9642991356632845,
    "final_auc": 0.9933638717336346,
    "n_features": 53,
    "n_samples": 5322,
    "class_distribution": {
      "0": 4435,
      "1": 887
    },
    "feature_importance": {
      "close": 0.0017667680568059403,
      "open": 0.0016336172795099694,
      "high": 0.0016163232611461345,
      "low": 0.0013346438398043224,
      "volume": 0.0014813399155597436,
      "high_low_ratio": 0.001720106099281876,
      "close_open_ratio": 0.001075518856692296,
      "sma_5": 0.0030178522687900724,
      "sma_10": 0.0045998208259140395,
      "sma_20": 0.008681282205920592,
      "close_sma5_ratio": 0.0032749417179444326,
      "close_sma10_ratio": 0.002135921785277942,
      "rsi_14": 0.005119958924678636,
      "rsi_7": 0.003109566214561496,
      "macd": 0.010404278056687095,
      "macd_signal": 0.013721021563662372,
      "macd_histogram": 0.005410979256399672,
      "bb_upper": 0.012157941146646443,
      "bb_middle": 0.007796406535443207,
      "bb_lower": 0.015480803387749768,
      "bb_position": 0.002105642788532915,
      "volume_sma_10": 0.006275411236565112,
      "volume_ratio": 0.0014494391374402235,
      "atr_14": 0.037555624346026786,
      "volatility_10": 0.015271534402722085,
      "momentum_5": 0.0027566294274979242,
      "momentum_10": 0.004761864950521026,
      "roc_5": 0.0024272747954252553,
      "roc_10": 0.0036074111490126846,
      "stoch_k": 0.004756523994306845,
      "stoch_d": 0.006819933932799864,
      "williams_r": 0.004465870397453078,
      "cci": 0.0015482968300999384,
      "price_trend_pct": 0.001681887968309525,
      "volume_trend": 0.0012097688663996737,
      "recent_volatility": 0.004802570894647872,
      "gap_pct": 0.002213487311137894,
      "sma_20_isnan": 0.037089419787875916,
      "rsi_14_isnan": 0.1782131225190492,
      "rsi_7_isnan": 0.17217183100362127,
      "macd_isnan": 0.025581363205410407,
      "macd_signal_isnan": 0.04475567790934286,
      "macd_histogram_isnan": 0.03529262800874127,
      "bb_upper_isnan": 0.036501364961705286,
      "bb_middle_isnan": 0.03469093548081716,
      "bb_lower_isnan": 0.0396054268387785,
      "stoch_k_isnan": 0.03895365992163691,
      "stoch_d_isnan": 0.033004768738921865,
      "williams_r_isnan": 0.03209087449305275,
      "cci_isnan": 0.03810848897006557,
      "atr_14_isnan": 0.04299897650507471,
      "volume_ratio_isnan": 0.0,
      "close_sma20_ratio": 0.0016931980285317218
    }
  },
  "calibrated": true,
  "overfitting_risk": "LOW"
}