{
  "model_type": "randomforest",
  "feature_names": [
    "close",
    "open",
    "high",
    "low",
    "volume",
    "high_low_ratio",
    "close_open_ratio",
    "sma_5",
    "sma_10",
    "sma_20",
    "close_sma5_ratio",
    "close_sma10_ratio",
    "rsi_14",
    "rsi_7",
    "macd",
    "macd_signal",
    "macd_histogram",
    "bb_upper",
    "bb_middle",
    "bb_lower",
    "bb_position",
    "volume_sma_10",
    "volume_ratio",
    "atr_14",
    "volatility_10",
    "momentum_5",
    "momentum_10",
    "roc_5",
    "roc_10",
    "stoch_k",
    "stoch_d",
    "williams_r",
    "cci",
    "price_trend_pct",
    "volume_trend",
    "recent_volatility",
    "gap_pct",
    "sma_20_isnan",
    "rsi_14_isnan",
    "rsi_7_isnan",
    "macd_isnan",
    "macd_signal_isnan",
    "macd_histogram_isnan",
    "bb_upper_isnan",
    "bb_middle_isnan",
    "bb_lower_isnan",
    "stoch_k_isnan",
    "stoch_d_isnan",
    "williams_r_isnan",
    "cci_isnan",
    "atr_14_isnan",
    "volume_ratio_isnan",
    "close_sma20_ratio"
  ],
  "training_metrics": {
    "cv_accuracy_mean": 0.8849925705794949,
    "cv_accuracy_std": 0.009425706702617375,
    "cv_auc_mean": 0.9541997409242711,
    "cv_auc_std": 0.011035784153529158,
    "final_accuracy": 0.943550383758356,
    "final_auc": 0.9850485939029066,
    "n_features": 53,
    "n_samples": 4039,
    "class_distribution": {
      "0": 3152,
      "1": 887
    },
    "feature_importance": {
      "close": 0.004299195296189826,
      "open": 0.004176771719732387,
      "high": 0.005293401429983524,
      "low": 0.004174510901215521,
      "volume": 0.0042763424791330065,
      "high_low_ratio": 0.004369710536881256,
      "close_open_ratio": 0.0035054807530215107,
      "sma_5": 0.007078207792597282,
      "sma_10": 0.011917672989106754,
      "sma_20": 0.02480770058245381,
      "close_sma5_ratio": 0.007491844161766484,
      "close_sma10_ratio": 0.0054027340567572675,
      "rsi_14": 0.015466642077756776,
      "rsi_7": 0.009957641602269428,
      "macd": 0.029552572694494645,
      "macd_signal": 0.046160006254866666,
      "macd_histogram": 0.016439343080954627,
      "bb_upper": 0.035673467374163645,
      "bb_middle": 0.026374127147770023,
      "bb_lower": 0.04702486471837784,
      "bb_position": 0.005549284333037501,
      "volume_sma_10": 0.019775935402457846,
      "volume_ratio": 0.0038449779401197952,
      "atr_14": 0.14722782015732924,
      "volatility_10": 0.039177016977022,
      "momentum_5": 0.004473620287066123,
      "momentum_10": 0.005702500955810758,
      "roc_5": 0.00473254607046517,
      "roc_10": 0.005855278845518118,
      "stoch_k": 0.011188252856407682,
      "stoch_d": 0.018420729443419506,
      "williams_r": 0.005914329292115048,
      "cci": 0.004448021640104092,
      "price_trend_pct": 0.004046126049185897,
      "volume_trend": 0.0027507057327314866,
      "recent_volatility": 0.010703838309860467,
      "gap_pct": 0.005643772414969328,
      "sma_20_isnan": 0.016265880603410842,
      "rsi_14_isnan": 0.09342893168473075,
      "rsi_7_isnan": 0.07919732128662715,
      "macd_isnan": 0.014177999090578524,
      "macd_signal_isnan": 0.015393106300465803,
      "macd_histogram_isnan": 0.019707644169300667,
      "bb_upper_isnan": 0.01811841731587333,
      "bb_middle_isnan": 0.026521954630196243,
      "bb_lower_isnan": 0.01424607461678467,
      "stoch_k_isnan": 0.021837952208560475,
      "stoch_d_isnan": 0.015566406662010694,
      "williams_r_isnan": 0.016352047794533506,
      "cci_isnan": 0.013198423391944698,
      "atr_14_isnan": 0.018895893270261893,
      "volume_ratio_isnan": 0.0,
      "close_sma20_ratio": 0.004194952617608541
    }
  },
  "calibrated": true,
  "overfitting_risk": "LOW"
}